"","metric","pval.linear","r2.linear","pval.quad","r2.quad"
"1","leafWidth.CWM",2.28064996692011e-210,1,1.78236295169636e-194,1
"2","seedmass.CWM",0.0380975422119197,0.29064,0.0418430119313077,0.32781
"3","VarAnnHSMeanDur",0.0209324111363653,0.34666,0.0169264264168055,0.45829
"4","CVAnnHSMeanDur",0.0453727569923543,0.27369,0.044704626671846,0.34611
"5","MDFMDFJuly",0.0523562721994783,0.25963,0.057817935995195,0.29172
