"","metric","pval.linear","r2.linear","pval.quad","r2.quad","padj.linear","padj.quad"
"1","richness",0.000422665474871134,0.62855,0.000665530564113825,0.63576,0.00494217059231955,0.00711021631789464
"2","SLA.CWM",0.0254903461053354,0.32859,0.0211107450005935,0.43925,0.112885818466486,0.0818041368772997
"3","FunRao",0.0300276906432729,0.31329,0.0373936323965012,0.31333,0.116357301242683,0.128800289365726
"4","simpson",0.000816308491631879,0.59056,0.000917447266825115,0.62835,0.00632639081014706,0.00711021631789464
"5","nbsp",0,1,0,1,0,0
"6","FEve",0.0146034270218093,0.37872,0.0182911021613206,0.3899,0.0754510396126813,0.0810034524287054
"7","FRic",0.000478274573450279,0.62168,0.000722823658258326,0.6321,0.00494217059231955,0.00711021631789464
"8","latinv",0.0122012511465944,0.39425,0.012320863973925,0.45349,0.0754510396126813,0.076389356638335
"9","MDFMDFSummer",0.0399253391718561,0.28612,0.0177458941186934,0.54454,0.13752061270306,0.0810034524287054
