"","metric","pval.linear","r2.linear","pval.quad","r2.quad","padj.linear","padj.quad"
"1","flowering.period.CWM",0.0286417481266365,0.31773,0.035161376741818,0.32333,0.29596473064191,0.363334226332119
"2","SLA.CWM",5.47956202666194e-210,1,2.85056606682099e-194,1,1.6986642282652e-208,8.83675480714506e-193
"3","nbsp",0.0254903461053354,0.32859,0.0308035878629863,0.34108,0.29596473064191,0.363334226332119
"4","climate",0.0486964445085619,0.26677,0.0486964445085619,0.26677,0.377397444941355,0.377397444941355
