"","metric","pval.linear","r2.linear","pval.quad","r2.quad"
"1","leafWidth.CWM",2.93736737004662e-06,0.82403,6.18288444379178e-06,0.82961
"2","leafratio.CWM",3.44038089744406e-206,1,2.24771612857233e-193,1
"3","VarAnnHSMeanDur",0.0472087566959126,0.26981,0.0550583837235802,0.28288
"4","MDFMDFJuly",0.00346790381311811,0.49409,0.00387238779455816,0.53406
"5","MDFMDFMarch",0.040227932779455,0.28539,0.0400690505124584,0.35361
"6","CVAnnZer",0.02467013223738,0.33162,0.0311142711691356,0.33202
