"","metric","pval.linear","r2.linear","pval.quad","r2.quad","padj.linear","padj.quad"
"3","flowering.period.CWM",0.0310173315189897,0.31024,0.0371675382532348,0.32197,0.520376523864229,0.560927389593615
"6","SLA.CWM",7.06732267406262e-205,1,3.26790018563091e-189,1,4.66443296488133e-203,2.1568141225164e-187
"7","nbsp",0.0466052077628498,0.27107,0.0476466380803793,0.33139,0.520376523864229,0.560927389593615
"26","CVAnnLSNum",0.0166383995125918,0.36724,0.0182620179758937,0.40875,0.520376523864229,0.560927389593615
"54","MDFMDFJune",0.0378841748583121,0.29118,0.0258383903547691,0.4593,0.520376523864229,0.560927389593615
"59","MDFMDFJanuary",0.0473069567149299,0.26961,0.050993399053965,0.31155,0.520376523864229,0.560927389593615
