"","metric","pval.linear","r2.linear","pval.quad","r2.quad","padj.linear","padj.quad"
"1","richness",0.00054345923236023,0.61445,0.000854435744244443,0.6204,0.00652151078832276,0.0102303931907281
"2","SLA.CWM",0.0474412208276411,0.26933,0.0565712502108077,0.27378,0.189764883310564,0.226285000843231
"3","FunRao",0.0419891827860196,0.28124,0.0508825110758046,0.28266,0.188951322537088,0.226285000843231
"4","simpson",0.00122211681370402,0.56551,0.00142088794315668,0.6002,0.00879924105866897,0.0102303931907281
"5","nbsp",9.05983928268137e-204,1,1.28727294670821e-191,1,3.26154214176529e-202,4.63418260814957e-190
"6","FGR",3.71167889584581e-05,0.7418,7.5635348409035e-05,0.74192,0.000668102201252246,0.00136143627136263
"7","FEve",0.0365741609057304,0.29456,0.0402768821216032,0.33119,0.188095684658042,0.207138250911102
"8","FRic",0.00089181087915364,0.58519,0.00141770462337608,0.58654,0.00802629791238276,0.0102303931907281
"9","MDFMDFSummer",0.0330309237905254,0.30428,0.0176215276530234,0.51697,0.188095684658042,0.10572916591814
