"","metric","pval.linear","r2.linear","pval.quad","r2.quad","padj.linear","padj.quad"
"1","leafratio.CWM",0,1,0,1,0,0
"9","FEve",0.047835848140174,0.26852,0.0298214153889126,0.46925,0.508486734218558,0.492053353917058
"53","MDFMDFJuly",0.00328307486339688,0.49809,0.00368621345353858,0.53727,0.108341470492097,0.121645043966773
"57","MDFMDFMarch",0.0394092858019013,0.28738,0.0394757114540195,0.35374,0.508486734218558,0.504385314926857
"61","CVAnnZer",0.0233069985369485,0.33685,0.0295354445067091,0.33703,0.508486734218558,0.492053353917058
