"","metric","pval.linear","r2.linear","pval.quad","r2.quad","padj.linear","padj.quad"
"1","redun",0.0193136494785035,0.35393,0.0246704230615409,0.35558,0.275549304019844,0.263416181841496
"2","FDiv",1.67964713577521e-217,1,3.87771134244471e-201,1,5.20690612090316e-216,1.20209051615786e-199
"3","FDis",0.0355547489057863,0.29726,0.0339891847537415,0.37674,0.275549304019844,0.263416181841496
"4","CVAnnLSPeak",0.0288504308315561,0.31705,0.0311871175918323,0.36069,0.275549304019844,0.263416181841496
