"","metric","pval.linear","r2.linear","pval.quad","r2.quad","padj.linear","padj.quad"
"5","seedmass.CWM",3.76477854817393e-200,1,6.40772871962167e-185,1,2.4847538417948e-198,4.2291009549503e-183
"13","AS20YrARI",0.0448695881372277,0.27478,0.0415652084435396,0.36653,0.438632656892906,0.410282528949451
"22","MRateFall",0.0178423899480469,0.36103,0.0225376035151572,0.36708,0.392532578857032,0.410282528949451
"23","MRateRise",0.0158021691974528,0.3718,0.0202257011035609,0.37646,0.392532578857032,0.410282528949451
"24","CVAnnLSMeanDur",0.0280831868100624,0.31958,0.0251209676995016,0.41365,0.438632656892906,0.410282528949451
"25","CVAnnLSPeak",0.0383786114267358,0.31067,0.0429574329945525,0.34698,0.438632656892906,0.410282528949451
"30","CVAnnHSMeanDur",0.0473214519164169,0.26958,0.0541973752525049,0.28943,0.438632656892906,0.410282528949451
