"","metric","pval.linear","r2.linear","pval.quad","r2.quad","padj.linear","padj.quad"
"8","RaoQ",0.00447153001782743,0.47515,0.00518380163951775,0.50933,0.0983736603922035,0.11404363606939
"11","FDiv",4.75634391716075e-208,1,3.06635910408636e-192,1,3.1391869853261e-206,2.023797008697e-190
"12","FDis",0.00239921843253278,0.52045,0.00275647559845044,0.55656,0.0791742082735817,0.0909636947488646
"15","C_MinM",0.0245217101636119,0.33217,0.0302373841512478,0.33938,0.294214541293595,0.366151465169542
"31","CVAnnHSPeak",0.0188882514467767,0.35593,0.0233369846560714,0.3669,0.294214541293595,0.366151465169542
"48","MDFMDFDecember",0.0267467764812359,0.32412,0.0332864968335948,0.32688,0.294214541293595,0.366151465169542
