"","metric","pval.linear","r2.linear","pval.quad","r2.quad"
"1","flowering.period.CWM",0.0309886457029654,0.31032,0.0371261237905893,0.32214
"2","SLA.CWM",5.40306291926304e-203,1,1.11256437022198e-187,1
"3","nbsp",0.0361993153273372,0.29554,0.0357869985391618,0.36541
"4","CVAnnLSNum",0.0164515521171408,0.36824,0.0180294912177307,0.41014
"5","MDFMDFJune",0.0378158349312112,0.29135,0.0258570247022376,0.45881
"6","MDFMDFJanuary",0.0463357091901027,0.27164,0.0500009159100696,0.31334
