"","metric","pval.linear","r2.linear","pval.quad","r2.quad","padj.linear","padj.quad"
"6","SLA.CWM",0.0466052077628499,0.27107,0.0381184719162913,0.40046,0.397978064456898,0.396445121584102
"7","nbsp",1.81066667991643e-202,1,4.6847650740271e-191,1,1.19504000874484e-200,3.09194494885789e-189
"10","FRic",0.00424989158251585,0.47899,0.00590790428045724,0.4842,0.0808847846615736,0.111245141791652
"49","MDFMDFNovember",0.00490210816130749,0.46815,0.00674212980555469,0.47362,0.0808847846615736,0.111245141791652
"53","MDFMDFJuly",0.0269358704968342,0.32347,0.0293680885409577,0.36496,0.355553490558212,0.387658768740641
"59","MDFMDFJanuary",0.00179191203174112,0.54044,0.00261139903489385,0.54673,0.0591330970474568,0.0861761681514972
