"","metric","pval.linear","r2.linear","pval.quad","r2.quad"
"1","FEve",5.50656713362529e-206,1,3.36468563587165e-192,1
"2","MDFMDFJuly",0.054176919668888,0.25625,0.0393753651372727,0.42444
"3","MDF",0.0569309751179826,0.25133,0.0637166430078452,0.27701
