"","metric","pval.linear","r2.linear","pval.quad","r2.quad","padj.linear","padj.quad"
"1","seedmass.CWM",3.25548923000851e-200,1,5.9184629716951e-185,1,1.17197612280306e-198,2.13064666981024e-183
"2","CVAnnHSNum",0.00475658343672962,0.47045,0.00555163376128192,0.50344,0.0856185018611331,0.0999294077030746
"3","MDFAnnHSNum",0.00723236159724567,0.43763,0.00903998592692576,0.45664,0.086788339166948,0.108479831123109
"4","HSMeanDur",0.0168817191374331,0.36596,0.0181879938083454,0.41177,0.151935472236898,0.163691944275108
