"","metric","pval.linear","r2.linear","pval.quad","r2.quad","padj.linear","padj.quad"
"1","maxheight.CWM",6.72181026829884e-215,1,1.80867429241681e-198,1,2.41985169658758e-213,6.5112274527005e-197
"2","SLA.CWM",0.0203454345521772,0.34924,0.0251381787891231,0.35905,0.122072607313063,0.150829072734738
"3","redun",0.0155429886202718,0.37325,0.019778755565361,0.37964,0.111909518065957,0.1424070400706
"4","C_MaxM",0.0126196360070212,0.39136,0.0157013214183185,0.40594,0.111909518065957,0.141311892764866
"5","P_MaxM",0.00752903322362986,0.43439,0.00869320455300395,0.4679,0.0903483986835583,0.104318454636047
"6","CVAnnHSNum",0.00117995842130833,0.56774,0.00177578758897911,0.57325,0.0212392515835499,0.031964176601624
