"","metric","pval.linear","r2.linear","pval.quad","r2.quad","padj.linear","padj.quad"
"1","redun",0.0272543798081196,0.32237,0.0334789385811171,0.32875,0.219444965434382,0.240017114701483
"2","nbsp",0.0365741609057303,0.29456,0.0211018219321244,0.49741,0.219444965434382,0.240017114701483
"3","FEve",3.36274742684611e-216,1,1.16413485729323e-199,1,1.2105890736646e-214,4.19088548625562e-198
"4","CVMDFWinter",0.0327891186303594,0.30498,0.0400028524502471,0.30979,0.219444965434382,0.240017114701483
"5","CVMDFSpring",0.0142537752896506,0.38083,0.0143061858674139,0.442,0.219444965434382,0.240017114701483
"6","HSPeak",0.0355236514542774,0.29735,0.0335138955066639,0.38057,0.219444965434382,0.240017114701483
