"","metric","pval.linear","r2.linear","pval.quad","r2.quad"
"1","seedmass.CWM",3.25548923000851e-200,1,5.9184629716951e-185,1
"2","CVAnnHSNum",0.00475658343672962,0.47045,0.00555163376128192,0.50344
"3","MDFAnnHSNum",0.00723236159724567,0.43763,0.00903998592692576,0.45664
"4","HSMeanDur",0.0168817191374331,0.36596,0.0181879938083454,0.41177
