"","metric","pval.linear","r2.linear","pval.quad","r2.quad"
"1","flowering.period.CWM",0.0449317033435923,0.27465,0.0479135583925554,0.32066
"2","nbsp",1.37352869145683e-209,1,9.52334106288825e-194,1
"3","FGR",0.0142005171102036,0.38115,0.00808405945036568,0.54456
"4","FRic",0.00300259134808734,0.50455,0.00403118989992072,0.5183
"5","MDFMDFNovember",0.00630821680113057,0.44853,0.00852040124834552,0.45436
"6","MDFMDFJuly",0.0241455981014187,0.3336,0.0279164302724119,0.35948
"7","MDFMDFJanuary",0.00239267951427277,0.52064,0.00344154789085876,0.52624
