"","metric","pval.linear","r2.linear","pval.quad","r2.quad"
"1","flowering.period.CWM",0.00358206521245375,0.49171,0.00353352792038186,0.549
"2","maxheight.CWM",1.44695565302284e-206,1,8.30138012836642e-191,1
"3","nbsp",0.0412872700056919,0.28287,0.045402654775663,0.31896
"4","RaoQ",0.0203139849393956,0.34938,0.0174497406065738,0.44751
"5","FRic",0.000984444055525135,0.57911,0.00149607778097364,0.58479
"6","FDis",0.0116275473787408,0.39835,0.014586516149378,0.41203
"7","CVAnnHSPeak",0.0124859260305234,0.39227,0.00472063203462941,0.60671
"8","CVAnnHSNum",0.00536405833400356,0.46121,0.00547284027573343,0.51542
"9","MDFMDFJanuary",0.00967172110076318,0.41385,0.00987472582239039,0.47008
