"","metric","pval.linear","r2.linear","pval.quad","r2.quad"
"1","RaoQ",0.00199293551423216,0.53325,0.00209262048088089,0.58028
"2","FDiv",1.41958624656801e-202,1,3.12339315824871e-187,1
"3","FDis",0.000800420320963662,0.59175,0.000814365603428769,0.63893
"4","JDMinMean",0.0282342090444263,0.31907,0.013638595355131,0.54078
"5","JDMaxMean",0.0211964600742819,0.34552,0.0146503559922905,0.48917
"6","FFI",0.0376327579103946,0.29182,0.0128973654955135,0.58863
"7","CVAnnLSPeak",0.0344565925828733,0.32156,0.01183746604746,0.60994
"8","CVAnnHSPeak",0.0555126902857286,0.25384,0.0656481984439754,0.25753
"9","MDFMDFDecember",0.0531568934903172,0.25813,0.0623518128332045,0.26629
