"","metric","pval.linear","r2.linear","pval.quad","r2.quad","padj.linear","padj.quad"
"1","flowering.period.CWM",0.00358206521245375,0.49171,0.00353352792038186,0.549,0.042984782549445,0.0399549384864774
"2","maxheight.CWM",1.44695565302284e-206,1,8.30138012836642e-191,1,5.20904035088222e-205,2.98849684621191e-189
"3","nbsp",0.0412872700056919,0.28287,0.045402654775663,0.31896,0.184041174491903,0.181610619102652
"4","RaoQ",0.0177448208316055,0.36152,0.0165003233726217,0.44063,0.0912590785625427,0.078763952903662
"5","FRic",0.000600856090708927,0.60868,0.000993304907137216,0.60891,0.0108154096327607,0.0178794883284699
"6","FDis",0.00999297350059464,0.41113,0.0120957253096382,0.43392,0.0684416592062554,0.0725743518578291
"7","P_MaxM",0.0460102936229757,0.27233,0.0175031006452582,0.56883,0.184041174491903,0.078763952903662
"8","CVAnnHSPeak",0.0114069432010426,0.39998,0.0044394376096086,0.60659,0.0684416592062554,0.0399549384864774
"9","CVAnnHSNum",0.00836963564063034,0.42578,0.00724398562684188,0.5097,0.0684416592062554,0.0521566965132616
