"","metric","pval.linear","r2.linear","pval.quad","r2.quad"
"1","flowering.period.CWM",0.00449013667623919,0.47484,0.00395043925083809,0.54947
"2","nbsp",0.0387726098318001,0.28895,0.0468215394433854,0.29355
"3","FEve",2.58294860424367e-203,1,3.44397089860414e-189,1
"4","FRic",0.0568848611749783,0.25141,0.0655272799526663,0.26538
"5","VarAnnLSMeanDur",0.0552336417515668,0.25434,0.0499056750806795,0.35771
"6","MDFMDFJuly",0.0549520638626637,0.25484,0.0460444744245842,0.38213
