"","metric","pval.linear","r2.linear","pval.quad","r2.quad"
"1","flowering.period.CWM",0.0375938232256933,0.29192,0.0449131556782259,0.30096
"2","SLA.CWM",1.35222065064348e-208,1,4.80968500414756e-193,1
"3","CVAnnLSNum",0.0164850082130892,0.36806,0.0180522641639171,0.41013
"4","MDFMDFJune",0.0353052216155918,0.29794,0.0229744679332216,0.47351
"5","MDFMDFJanuary",0.0472765276804836,0.26967,0.0504531203373677,0.31516
