"","metric","pval.linear","r2.linear","pval.quad","r2.quad","padj.linear","padj.quad"
"3","flowering.period.CWM",0.00326408298477782,0.49851,0.00310924641791718,0.55992,0.071809825665112,0.0682213410119289
"4","maxheight.CWM",2.83363421869907e-206,1,1.66459056585095e-190,1,1.87019858434139e-204,1.09862977346163e-188
"8","RaoQ",0.0167324032339983,0.36675,0.0173178485453025,0.42176,0.138042326680486,0.142872250498745
"10","FRic",0.000493835555684988,0.61988,0.000591667874874217,0.65128,0.0162965733376046,0.0195250398708492
"12","FDis",0.0127373377242355,0.39056,0.0157736574316736,0.4061,0.120094898542792,0.142872250498745
"31","CVAnnHSPeak",0.0117020263592197,0.39781,0.00413462672799569,0.61724,0.120094898542792,0.0682213410119289
"32","CVAnnHSNum",0.00579794444622065,0.45516,0.00593519306385153,0.50912,0.0956660833626407,0.0783445484428403
"59","MDFMDFJanuary",0.00948597123846251,0.41546,0.00980719202374914,0.4693,0.120094898542792,0.107879112261241
