"","metric","pval.linear","r2.linear","pval.quad","r2.quad","padj.linear","padj.quad"
"1","maxheight.CWM",0.0203454345521771,0.34924,0.0258287473293674,0.3516,0.281879152801856,0.35357967220417
"2","SLA.CWM",3.5667873862088e-208,1,6.5425650260064e-193,1,1.28404345903517e-206,2.3553234093623e-191
"3","nbsp",0.0474412208276411,0.26933,0.0451447865177649,0.35339,0.42697098744877,0.406303078659884
"4","FRic",0.0234899294001546,0.33613,0.0294649726836809,0.33914,0.281879152801856,0.35357967220417
