"","metric","pval.linear","r2.linear","pval.quad","r2.quad"
"1","flowering.period.CWM",0.012977381193445,0.38895,0.0161123418862197,0.40369
"2","SLA.CWM",6.69458210428385e-211,1,1.19400775678365e-195,1
"3","nbsp",0.0516817050057774,0.26091,0.0485924427338549,0.35001
"4","CVAnnLSNum",0.0161865547087078,0.36968,0.0176975381640724,0.41216
"5","MDFMDFJune",0.0360022098116095,0.29607,0.0237643258454029,0.46937
"6","MDFMDFJanuary",0.0482025608051321,0.26777,0.0517378424255962,0.31111
