"","metric","pval.linear","r2.linear","pval.quad","r2.quad","padj.linear","padj.quad"
"1","maxheight.CWM",0.0460864123904572,0.27217,0.0243423768544226,0.50725,0.357169696026043,0.188653420621775
"2","seedmass.CWM",2.06561917289422e-206,1,8.33130843988511e-191,1,6.40341943597207e-205,2.58270561636438e-189
"3","CVAnnHSNum",0.0047565834367296,0.47045,0.00555163376128191,0.50344,0.0737270432693088,0.0860503232998697
"4","MDFAnnHSNum",0.00723236159724567,0.43763,0.00903998592692577,0.45664,0.0747344031715386,0.0934131879115663
