"","metric","pval.linear","r2.linear","pval.quad","r2.quad","padj.linear","padj.quad"
"1","redun",0.0193136494785035,0.35393,0.0246704230615409,0.35558,0.299361566916804,0.351221575788662
"2","FDiv",1.67964713577521e-217,1,3.87771134244471e-201,1,5.20690612090316e-216,1.20209051615786e-199
"3","FDis",0.0355547489057863,0.29726,0.0339891847537415,0.37674,0.367399072026458,0.351221575788662
