"","metric","pval.linear","r2.linear","pval.quad","r2.quad","padj.linear","padj.quad"
"1","richness",0.000287445141713272,0.64922,0.000112261117416296,0.75346,0.00445539969655572,0.00174004731995259
"2","flowering.period.CWM",0.0383656928110417,0.28996,0.00507035359733002,0.70266,0.169905211020328,0.0392952403793076
"3","redun",0.0445690177797052,0.27544,0.0269077069124017,0.47953,0.172704943896358,0.119162702040636
"4","FunRao",0.0282251241341809,0.3191,0.0318357925621518,0.35056,0.145829808026601,0.123363696178338
"5","simpson",1.32832388703624e-206,1,7.16004622116725e-195,1,4.11780404981235e-205,2.21961432856185e-193
"6","nbsp",0.000816308491631879,0.59056,0.000317307970293223,0.7148,0.00843518774686275,0.0032788490263633
"7","FEve",0.0247750027053482,0.33122,0.0171304138929118,0.47998,0.145829808026601,0.106208566136053
"8","FRic",0.0210851589356837,0.346,0.023580317466983,0.3819,0.145829808026601,0.119162702040636
