"","metric","pval.linear","r2.linear","pval.quad","r2.quad","padj.linear","padj.quad"
"1","leafratio.CWM",0.0478358481401742,0.26852,0.0187072419147566,0.56354,0.779293406335143,0.411559322124645
"3","flowering.period.CWM",0.0178553386008292,0.36097,0.0174542256765121,0.42912,0.589226173827365,0.411559322124645
"9","FEve",2.74074276122442e-210,1,5.81802293620758e-196,1,1.80889022240812e-208,3.839895137897e-194
"46","CVMDFFebruary",0.0390137683787428,0.28835,0.0396988013474479,0.34981,0.779293406335143,0.457904379064165
