"","metric","pval.linear","r2.linear","pval.quad","r2.quad","padj.linear","padj.quad"
"1","WD.CWM",0.00202423738689937,0.53219,0.00272435316328575,0.54811,0.0364362729641887,0.0490383569391434
"2","FDiv",4.98910107200143e-206,1,2.34400928734549e-190,1,1.79607638592052e-204,8.43843343444378e-189
