"","metric","pval.linear","r2.linear","pval.quad","r2.quad"
"1","flowering.period.CWM",0.0392302281929557,0.28781,0.0467178155008062,0.2971
"2","nbsp",0.0423851671821496,0.28033,0.0504473577561828,0.28814
"3","FEve",1.54910578894565e-217,1,6.81237651578729e-201,1
"4","FRic",0.0238837609132426,0.3346,0.0276334363370624,0.3604
"5","CVAnnLSMeanDur",0.0510234989186368,0.26218,0.0443926309268755,0.37579
"6","MDFMDFJuly",0.0293093999464271,0.31557,0.022747418851147,0.44465
