"","metric","pval.linear","r2.linear","pval.quad","r2.quad"
"1","seedmass.CWM",3.74558377433987e-218,1,1.82621333392646e-201,1
"2","FFI",0.0463679485672385,0.27157,0.0524702628218769,0.2962
"3","MRateFall",0.0461110044074601,0.27212,0.0516316383391828,0.30067
"4","MRateRise",0.0395266149399013,0.28709,0.0453845739948802,0.30895
"5","CVAnnLSMeanDur",0.0589242067697785,0.24791,0.0583251743577624,0.32052
"6","VarAnnHSMeanDur",0.0576886640661886,0.25002,0.0546357018562598,0.33819
"7","CVAnnHSNum",0.0270511312209418,0.32307,0.0318974689965569,0.34192
