"","metric","pval.linear","r2.linear","pval.quad","r2.quad"
"1","basalAreaPerHa",8.13323329636629e-206,1,4.14265572520325e-190,1
"2","basalAreaPerHa.small",0.00119830989635834,0.56676,0.000342082009714846,0.72131
"3","stemsPerHa",3.03528322496175e-05,0.7495,6.28393597827549e-05,0.74958
"4","stemsPerHa.small",0.000517856877803533,0.61719,0.00049247208002652,0.6683
"5","leafratio.CWM",0.0231019478370408,0.33766,0.0286233424075341,0.34455
"6","seedmass.CWM",0.0264084013085985,0.32531,0.0328182692344528,0.32876
"7","C_MaxM",0.0131945513973202,0.38752,0.0165725267558825,0.39938
"8","P_MaxM",0.0217708572833607,0.34308,0.0276340626778969,0.34418
